{
    "_id" : NumberInt(10),
    "title" : "MongoDB Overview",
    "description" : "MongoDB is no sql database",
    "by_user" : "tutorials point",
    "url" : "http://www.tutorialspoint.com",
    "tags" : [
        "mongodb",
        "database",
        "NoSQL"
    ],
    "likes" : NumberInt(100)
}
{
    "_id" : NumberInt(15),
    "title" : "MongoDB Overview",
    "description" : "MongoDB is no sql database",
    "by_user" : "tutorials point",
    "url" : "http://www.tutorialspoint.com",
    "tags" : [
        "mongodb",
        "database",
        "NoSQL"
    ],
    "likes" : NumberInt(150)
}
{
    "_id" : NumberInt(20),
    "title" : "MongoDB Overview",
    "description" : "MongoDB is no sql database",
    "by_user" : "tutorials point",
    "url" : "http://www.tutorialspoint.com",
    "tags" : [
        "mongodb",
        "database",
        "NoSQL"
    ],
    "likes" : NumberInt(250)
}
{
    "_id" : NumberInt(25),
    "title" : "NoSQL Overview",
    "description" : "No sql database is very fast",
    "by_user" : "tutorials point",
    "url" : "http://www.tutorialspoint.com",
    "tags" : [
        "mongodb",
        "database",
        "NoSQL"
    ],
    "likes" : NumberInt(15)
}
{
    "_id" : NumberInt(30),
    "title" : "NoSQL Overview",
    "description" : "No sql database is very fast",
    "by_user" : "tutorials point",
    "url" : "http://www.tutorialspoint.com",
    "tags" : [
        "mongodb",
        "database",
        "NoSQL"
    ],
    "likes" : NumberInt(25)
}
{
    "_id" : NumberInt(35),
    "title" : "NoSQL Overview",
    "description" : "No sql database is very fast",
    "by_user" : "tutorials point",
    "url" : "http://www.tutorialspoint.com",
    "tags" : [
        "mongodb",
        "database",
        "NoSQL"
    ],
    "likes" : NumberInt(10)
}
{
    "_id" : NumberInt(40),
    "title" : "Neo4j Overview",
    "description" : "Neo4j is no sql database",
    "by_user" : "Neo4j",
    "url" : "http://www.neo4j.com",
    "tags" : [
        "neo4j",
        "database",
        "NoSQL"
    ],
    "likes" : NumberInt(750)
}
{
    "_id" : NumberInt(45),
    "title" : "Neo4j Overview",
    "description" : "Neo4j is no sql database",
    "by_user" : "Neo4j",
    "url" : "http://www.neo4j.com",
    "tags" : [
        "neo4j",
        "database",
        "NoSQL"
    ],
    "likes" : NumberInt(250)
}
{
    "_id" : NumberInt(50),
    "title" : "Neo4j Overview",
    "description" : "Neo4j is no sql database",
    "by_user" : "Neo4j",
    "url" : "http://www.neo4j.com",
    "tags" : [
        "neo4j",
        "database",
        "NoSQL"
    ],
    "likes" : NumberInt(300)
}
